"","PA1","PA2","F1","F2"
"1",-1.17576212437263,-1.47443861448617,2.0692640064155,1.96777509168565
"2",-0.222264682816964,1.05596615546423,3.02276144797116,4.49817986163605
"3",0.338477674491766,0.299014133995575,3.58350380527989,3.7412278401674
"4",0.237335363442934,0.652080885523955,3.48236149423106,4.09429459169578
"5",-0.897918091100721,0.121244955367177,2.34710803968741,3.563458661539
"6",-0.979837609231253,-2.08956008729374,2.26518852155687,1.35265361887808
"7",-1.15311918465675,1.12161297020324,2.09190694613137,4.56382667637507
"8",-1.3829340058469,0.527469019734325,1.86209212494123,3.96968272590615
"9",0.163794227306029,0.792274837252429,3.40882035809415,4.23448854342425
"10",0.287663754784391,0.485428407393738,3.53268988557252,3.92764211356556
"11",1.59702551141752,0.845504954429377,4.84205164220564,4.2877186606012
"12",1.73595601068142,0.107104117232133,4.98098214146955,3.54931782340396
"13",-0.598728893889242,1.11570196055744,2.64629723689888,4.55791566672926
"14",-1.03495560778993,0.32766036195108,2.21007052299819,3.76987406812291
"15",1.47087313251957,-0.688081907512683,4.71589926330769,2.75413179865914
"16",-0.550904739664009,0.00785533332244964,2.69412139112412,3.45006903949428
"17",-0.470905844411433,0.731443191295655,2.77412028637669,4.17365689746748
"18",-1.50804225238977,-0.307990785659213,1.73698387839835,3.13422292051261
"19",0.899391671243397,-0.273049723015818,4.14441780203152,3.16916398315601
"20",-1.01696652046698,-0.746544306295536,2.22805961032115,2.69566939987629
"21",1.21185637052831,0.88025725489487,4.45688250131644,4.3224709610667
"22",0.477856275601475,-0.54181324247146,3.7228824063896,2.90040046370037
"23",0.39404708460946,-0.586674652738115,3.63907321539759,2.85553905343371
"24",-0.963520692343851,1.18254650788267,2.28150543844427,4.6247602140545
"25",-0.98370536509197,-1.37161693705057,2.26132076569616,2.07059676912126
"26",0.770351136844917,-0.311575759903842,4.01537726763304,3.13063794626798
"27",-0.423868997691698,0.0128219913195727,2.82115713309643,3.4550356974914
"28",-1.20332761856622,1.41766578218845,2.0416985122219,4.85987948836027
"29",0.114203165215112,1.51222921693546,3.35922929600324,4.95444292310729
"30",1.21569808267628,0.237300105987539,4.46072421346441,3.67951381215936
"31",-0.726285952111244,-0.452561041823544,2.51874017867688,2.98965266434828
"32",1.39387374692016,1.16780672933858,4.63889987770829,4.61002043551041
"33",0.879210597090886,1.15570423205078,4.12423672787901,4.59791793822261
"34",0.570159541709303,-0.660014802035917,3.81518567249743,2.78219890413591
"35",0.606322740610585,-0.57715644537126,3.85134887139871,2.86505726080057
"36",-0.00350241642360699,-0.828956042604292,3.24152371436452,2.61325766356753
"37",-1.47583738505684,0.646787340846803,1.76918874573128,4.08900104701863
"38",1.10213959092072,0.86661146554934,4.34716572170885,4.30882517172116
"39",-0.0785615415917376,1.13948259140021,3.16646458919639,4.58169629757204
"40",-1.47552112666368,0.10069743861124,1.76950500412445,3.54291114478307
"41",-0.0702807045920527,1.43951428861583,3.17474542619607,4.88172799478765
"42",-1.21435754652892,-1.67417111224285,2.0306685842592,1.76804259392898
"43",0.907572477246818,0.871873651029251,4.15259860803494,4.31408735720108
"44",0.616456251614684,0.751298310236397,3.86148238240281,4.19351201640822
"45",0.997359909100169,1.84717411146816,4.2423860398883,5.28938781763998
"46",-0.0844492067454372,0.0550669216297786,3.16057692404269,3.4972806278016
"47",0.369292448919667,-0.0536836074048461,3.61431857970779,3.38853009876698
"48",0.486593896855959,1.40050541739035,3.73162002764409,4.84271912356218
"49",-1.0677078350853,-2.11542810760295,2.17731829570283,1.32678559856888
"50",0.434339509940759,-0.0308145893022088,3.67936564072888,3.41139911686962
"51",-0.27809727662665,1.21094050003947,2.96692885416148,4.65315420621129
"52",0.923768505825906,0.580936193789434,4.16879463661403,4.02314989996126
"53",0.544583085659266,0.560709387339331,3.78960921644739,4.00292309351116
"54",-1.97840402945121,0.366745393203129,1.26662210133692,3.80895909937495
"55",0.521920401224626,0.435498447407303,3.76694653201275,3.87771215357913
"56",0.946232431398003,0.992615530523585,4.19125856218613,4.43482923669541
"57",1.56425055012262,0.111360687992116,4.80927668091074,3.55357439416394
"58",0.776695023126535,1.50986414193946,4.02172115391466,4.95207784811129
"59",1.52678203717936,0.488389615983431,4.77180816796748,3.93060332215526
"60",-1.1856781329508,-0.622525739065062,2.05934799783732,2.81968796710676
"61",0.625658939970878,-0.481294813419419,3.870685070759,2.96091889275241
"62",-1.46967732248791,1.07836242517311,1.77534880830021,4.52057613134493
"63",-0.275259099381077,0.658407003797151,2.96976703140705,4.10062070996898
"64",-0.696334903204384,-0.651305766813504,2.54869122758374,2.79090793935832
"65",-0.48348517781389,-0.567918319658826,2.76154095297424,2.874295386513
"66",1.0575816821857,1.44137950381069,4.30260781297383,4.88359320998251
"67",0.877427827777151,0.159045855531464,4.12245395856528,3.60125956170329
"68",-0.42271946164457,-0.0231873288262966,2.82230666914356,3.41902637734553
"69",-1.709435470998,-0.470448504973731,1.53559065979012,2.97176520119809
"70",0.0432777871635064,0.810202929054029,3.28830391795163,4.25241663522585
"71",-0.540339277144559,-1.72384177752596,2.70468685364357,1.71837192864586
"72",-0.215412427004451,0.052526601699902,3.02961370378368,3.49474030787173
"73",1.51884080188721,1.15434477177471,4.76386693267534,4.59655847794653
"74",0.81839053119137,0.00621172917738609,4.0634166619795,3.44842543534921
"75",0.268755623668738,0.409021682710576,3.51378175445686,3.8512353888824
"76",0.294671681426312,0.154284346342221,3.53969781221444,3.59649805251405
"77",1.06851279012544,0.600683244633323,4.31353892091356,4.04289695080515
"78",-0.829141127783132,-1.06438798494176,2.41588500300499,2.37782572123007
"79",-1.42019807024847,-0.207136764014164,1.82482806053966,3.23507694215766
"80",0.729768496833198,-0.396331922440028,3.97479462762132,3.0458817837318
"81",1.40803261206796,-0.201963501885924,4.65305874285609,3.2402502042859
"82",0.578782680814899,-0.981059008391708,3.82380881160302,2.46115469778012
"83",-0.0676358063477933,0.188031032087787,3.17739032444033,3.63024473825961
"84",1.52104734245669,1.6633321955041,4.76607347324482,5.10554590167593
"85",-0.222335862536667,-0.857364382843374,3.02269026825146,2.58484932332845
"86",0.0149119315801768,0.799530410218981,3.2599380623683,4.24174411639081
"87",-0.998891774170729,-0.0840447064791563,2.2461343566174,3.35816899969267
"88",-0.174102201913219,-0.967459475198745,3.07092392887491,2.47475423097308
"89",-1.8386777535398,-0.98440258670025,1.40634837724833,2.45781111947158
"90",1.27259604298489,1.49997424706324,4.51762217377301,4.94218795323507
"91",1.5102821947765,1.39639835986816,4.75530832556463,4.83861206603999
"92",-0.189326433559935,-1.01533772962518,3.05569969722819,2.42687597654664
"93",1.32851312790428,0.103964856893209,4.5735392586924,3.54617856306503
"94",0.206570963317832,1.31503703910866,3.45159709410596,4.75725074528049
"95",0.512621764465009,1.71131289052624,3.75764789525313,5.15352659669806
"96",-0.238917495650851,-0.295383349942152,3.00610863513727,3.14683035622967
"97",-1.13360276017938,-1.37557798032776,2.11142337060874,2.06663572584406
"98",0.011347989543224,0.900402273817245,3.25637412033135,4.34261597998907
"99",-1.50335140113978,0.167898776490511,1.74167472964834,3.61011248266234
"100",-0.433715101579193,0.896499548613407,2.81131102920893,4.33871325478523
"101",-1.95170066418813,-0.27721737042413,1.29332546659999,3.1649963357477
"102",-0.0265999344889293,0.247914985056221,3.2184261962992,3.69012869122805
"103",0.807728403788218,-0.343717341647393,4.05275453457634,3.09849636452443
"104",-1.24348550004651,-0.281593674859987,2.00154063074161,3.16062003131184
"105",0.645366157447239,0.616322970338534,3.89039228823537,4.05853667651036
"106",-0.589951573379315,-1.72340882694536,2.65507455740881,1.71880487922647
"107",1.13723560303496,1.08822520864194,4.38226173382308,4.53043891481376
"108",1.45357409659056,0.294889234520167,4.69860022737869,3.73710294069199
"109",0.768363918989492,-0.196599424683355,4.01339004977762,3.24561428148847
"110",-0.631893435146636,0.358098169925002,2.61313269564149,3.80031187609683
"111",0.836974922047537,-0.274602270178982,4.08200105283566,3.16761143599284
"112",-0.275259099381077,0.658407003797151,2.96976703140705,4.10062070996898
"113",1.39502669984594,1.66958215375073,4.64005283063407,5.11179585992255
"114",-1.19036898420079,-1.09841530121479,2.05465714658734,2.34379840495704
"115",0.864881507373746,0.989642260013102,4.10990763816187,4.43185596618493
"116",0.783167047099739,0.888223463971601,4.02819317788786,4.33043717014343
"117",-0.618038383822601,-0.394600774654595,2.62698774696552,3.04761293151723
"118",0.563971372445049,0.506599016619484,3.80899750323317,3.94881272279131
"119",-0.963290200089416,-0.00407420519297412,2.28173593069871,3.43813950097885
"120",0.632324564506889,-0.191362970899529,3.87735069529502,3.2508507352723
"121",0.918481516901203,0.400666493044309,4.16350764768933,3.84288019921613
"122",1.5863721735888,1.14411592829767,4.83139830437693,4.5863296344695
"123",0.29800513120883,1.24003319581961,3.54303126199696,4.68224690199143
"124",0.939136629446819,-0.109326545405015,4.18416276023494,3.33288716076681
"125",1.52957990585465,1.4962646087465,4.77460603664278,4.93847831491832
"126",0.486754484419716,0.182120022441982,3.73178061520784,3.62433372861381
"127",-0.279864184492334,0.823048252487512,2.96516194629579,4.26526195865934
"128",0.387484484928619,0.188942644827927,3.63251061571675,3.63115635099975
"129",-0.501655979679002,-0.0910231427891744,2.74337015110912,3.35119056338265
"130",-1.0789552014182,-0.728641946190022,2.16607092936993,2.7135717599818
"131",1.32331401428884,1.3567812931282,4.56834014507696,4.79899499930003
"132",0.935891054973563,0.238010742097718,4.18091718576169,3.68022444826954
"133",0.841290672588615,0.00120149753096256,4.08631680337674,3.44341520370279
"134",1.1565333141131,1.18809145752027,4.40155944490123,4.6303051636921
"135",-2.0057520852746,-1.21977326596647,1.23927404551352,2.22244044020535
"136",0.798657270002262,-1.01642005324472,4.04368340079039,2.4257936529271
"137",0.711030590286887,1.063093556139,3.95605672107501,4.50530726231082
"138",-0.115359929576763,0.45098598249332,3.12966620121136,3.89319968866515
"139",-0.231221017470671,1.71070469501176,3.01380511331745,5.15291840118358
"140",-2.24502613078813,0.680282621631921,1,4.12249632780375
"141",0.52534990657601,0.381852520198655,3.77037603736414,3.82406622637048
"142",1.02152869654538,-0.170122659986629,4.26655482733351,3.2720910461852
"143",0.790658467423394,0.78492526230609,4.03568459821152,4.22713896847791
"144",-0.508579415211218,-1.00091412733245,2.73644671557691,2.44129957883938
"145",1.10297716556358,1.88381790769763,4.34800329635171,5.32603161386946
"146",0.835895290691087,-0.20682826816039,4.08092142147921,3.23538543801144
"147",-1.66697229298099,-0.988659157460233,1.57805383780713,2.45355454871159
"148",-1.08475172773738,-1.06177150498531,2.16027440305075,2.38044220118652
"149",-0.723801641430741,-0.485658903403216,2.52122448935738,2.95655480276861
"150",1.33187262139954,1.11472770503475,4.57689875218767,4.55694141120657
"151",0.122310360766805,-0.261356033669125,3.36733649155493,3.1808576725027
"152",-0.400346111780109,0.542468627506038,2.84468001900802,3.98468233367786
"153",0.921987333102689,1.67846643390702,4.16701346389081,5.12068014007884
"154",-0.865530009369942,-0.755133058969036,2.37949612141818,2.68708064720279
"155",0.51817474464552,-0.0609391803713976,3.76320087543365,3.38127452580043
"156",1.56100016608046,1.25320540593312,4.80602629686858,4.69541911210494
"157",-0.0333217290432712,0.909625502574352,3.21170440174485,4.35183920874618
"158",-1.836675661512,0.63621954876895,1.40835046927612,4.07843325494078
"159",1.22922189426934,-0.60873394982327,4.47424802505747,2.83347975634856
"160",-0.395119679422899,1.09623204637008,2.84990645136523,4.53844575254191
"161",-1.09663073074636,1.38653557639933,2.14839540004176,4.82874928257116
"162",-0.831381892324964,1.07409150633084,2.41364423846316,4.51630521250266
"163",0.785227586524494,1.34279655518185,4.03025371731262,4.78501026135368
"164",0.738886908475738,0.920906216923882,3.98391303926386,4.36311992309571
"165",-1.10380589267685,0.943743875829278,2.14122023811127,4.3859575820011
"166",-0.287888485524839,-0.738590159139595,2.95713764526329,2.70362354703223
"167",0.0088636788627209,0.933500135396917,3.25388980965085,4.37571384156874
"168",1.68063295426622,0.414938319857537,4.92565908505434,3.85715202602936
"169",-0.232565429109631,-1.046424361765,3.01246070167849,2.39578934440683
"170",-1.245692040616,-0.790581098589382,1.99933409017213,2.65163260758244
"171",-0.932975614932807,-0.104373404651917,2.31205051585532,3.33784030151991
"172",0.803084830394815,-0.175071476030536,4.04811096118294,3.26714223014129
"173",1.554951913363,1.38717513111105,4.79997804415113,4.82938883728288
"174",-1.57308931341086,-0.33085980376185,1.67193681737726,3.11135390240998
"175",-0.64978646690073,0.292908061485586,2.5952396638874,3.73512176765741
"176",-1.20000722266794,-0.788587711102742,2.04501890812018,2.65362599506908
"177",1.41757479496625,0.627603684688063,4.66260092575437,4.06981739085989
"178",0.41074052757512,-0.583110876135095,3.65576665836325,2.85910283003673
"179",-0.723061611781827,-1.5194197584287,2.5219645190063,1.92279394774312
"180",-0.778169320910374,-0.882124896709994,2.46685680987775,2.56008880946183
"181",1.70482596513604,-0.120940580854207,4.94985209592417,3.32127312531762
"182",1.07006617099259,-0.89728903898691,4.31509230178072,2.54492466718491
"183",0.607628054652563,-1.03704373002723,3.85265418544069,2.40516997614459
"184",-1.17578816808537,-1.39945261315033,2.06923796270275,2.0427610930215
"185",-0.239792678465612,-1.33924405966336,3.00523345232251,2.10296964650846
"186",1.56100016608046,1.25320540593312,4.80602629686858,4.69541911210494
"187",0.422494730904122,-0.22997442291956,3.66752086169225,3.21223928325227
"188",-0.407495229997854,0.0246909256001416,2.83753090079027,3.46690463177197
"189",0.903207339678623,-0.841020870587306,4.14823347046675,2.60119283558452
"190",0.819482607117219,0.00941911156814134,4.06450873790535,3.45163281773997
"191",0.00667140315077058,-1.06090977600202,3.2516975339389,2.38130393016981
"192",-0.755195857943799,-0.31758570192568,2.48983027284433,3.12462800424615
"193",-0.376101013484795,-0.143382275877394,2.86892511730333,3.29883143029443
"194",0.389643747641519,0.0533946407907415,3.63466987842964,3.49560834696257
"195",1.36453847324134,-0.303735594610531,4.60956460402947,3.13847811156129
"196",1.0737858910244,-1.42203886709528,4.31881202181252,2.02017483907655
"197",1.45181896758009,1.31743347330191,4.69684509836822,4.75964717947373
"198",-1.07375608780275,-1.98145838242501,2.17127004298537,1.46075532374681
"199",-0.536763556252394,-0.414277154790533,2.70826257453573,3.02793655138129
"200",0.383899308747828,-0.429706920676233,3.62892543953595,3.01250678549559
"201",-0.851431411907236,0.597549626144292,2.39359471888089,4.03976333231612
"202",-1.03523337790095,0.869745647260147,2.20979275288717,4.31195935343197
"203",0.606361228892731,-0.581161062297755,3.85138735968086,2.86105264387407
"204",-0.67743491966924,-0.138754566481089,2.56759121111889,3.30345913969074
"205",-0.433715101579193,0.896499548613407,2.81131102920893,4.33871325478523
"206",-0.705630839565628,-0.962554080272867,2.5393952912225,2.47965962589896
"207",-0.917011353637178,-1.09025600525096,2.32801477715095,2.35195770092086
"208",1.07439508258335,1.5743436142687,4.31942121337147,5.01655732044052
"209",-0.0314287464685785,0.377640071961011,3.21359738431955,3.81985377813284
"210",0.794209964890946,0.613072014298478,4.03923609567907,4.0552857204703
"211",0.854879732656842,1.20102432459413,4.09990586344497,4.64323803076595
"212",0.899391671243397,-0.273049723015818,4.14441780203152,3.16916398315601
"213",-1.38493609787469,-1.09315311573487,1.86009003291343,2.34906059043695
"214",0.552014783556936,-0.258105626502109,3.79704091434506,3.18410807966972
"215",0.077340245235196,0.902723226290907,3.32236637602332,4.34493693246273
"216",0.52534990657601,0.381852520198655,3.77037603736414,3.82406622637048
"217",-1.26802081302225,0.875361129423164,1.97700531776588,4.31757483559499
"218",0.741891045980855,-0.739257374131744,3.98691717676898,2.70295633204008
"219",0.635706684836246,0.206629131348153,3.88073281562437,3.64884283751998
"220",1.12626258993443,1.39514134018778,4.37128872072255,4.83735504635961
"221",-0.604293652924965,1.47751754512138,2.64073247786316,4.9197312512932
"222",-1.15510701182701,-1.9844316529355,2.08991911896111,1.45778205323633
"223",-0.97735329855075,-2.12265794887342,2.26767283223738,1.31955575729841
"224",1.36080857094484,0.904766363801042,4.60583470173297,4.34698006997287
"225",-0.750274514439378,-1.0283168528516,2.49475161634875,2.41389685332022
"226",0.152798587371406,1.71196171469213,3.39782471815953,5.15417542086396
"227",-1.50341593313468,0.246889394752851,1.74161019765345,3.68910310092468
"228",-1.04043376654542,0.240996227060261,2.20459236424271,3.68320993323209
"229",1.09505019512896,1.06435057581937,4.34007632591709,4.5065642819912
"230",0.868646908671615,-0.984760756965585,4.11367303945974,2.45745294920624
"231",-0.446660746116119,0.0455922879122238,2.79836538467201,3.48780599408405
"232",0.658080034700707,0.772285087680487,3.90310616548883,4.21449879385231
"233",-1.22908308876004,0.454017723608431,2.01594304202808,3.89623142978026
"234",0.316453703184963,0.221052733640886,3.56147983397309,3.66326643981271
"235",-0.216544145786391,0.270272606390182,3.02848198500174,3.71248631256201
"236",-0.724928550643775,-1.0624203291512,2.52009758014435,2.37979337702062
"237",1.15901762479361,1.1549935959406,4.40404375558173,4.59720730211243
"238",0.727843990684531,1.196057666597,3.97287012147266,4.63827137276883
"239",0.821492879404617,-0.942439666628807,4.06651901019274,2.49977403954302
"240",0.285033442959159,0.464111936454265,3.53005957374728,3.90632564262609
"241",0.391074470678318,0.0130847798938187,3.63610060146644,3.45529848606564
"242",1.60566988466695,1.24398217717601,4.85069601545508,4.68619588334784
"243",-1.35207537044107,0.281521961542471,1.89295076034706,3.7237356677143
"244",0.0675668536021953,-0.865070748343747,3.31259298439032,2.57714295782808
"245",-1.04735592704861,1.21267109895186,2.19767020373951,4.65488480512369
"246",-0.838181953546545,0.831385600200564,2.40684417724158,4.27359930637239
"247",1.5085851916015,1.04027079418893,4.75361132238963,4.48248450036075
"248",1.3718254450233,0.704600915463763,4.61685157581143,4.14681462163559
"249",-0.0989861618829187,0.462854916773889,3.14603996890521,3.90506862294571
"250",-0.780567865452148,-0.208496224290237,2.46445826533598,3.23371748188159
"251",-1.34995189561194,-1.43708418214652,1.89507423517619,2.00512952402531
"252",-1.62352823957477,1.151813721299,1.62149789121336,4.59402742747083
"253",-1.38380918866166,-0.516391689986886,1.86121694212647,2.92582201618494
"254",-1.39705864702235,-0.750227664043159,1.84796748376577,2.69198604212867
"255",0.758447910411319,0.655313450737756,4.00347404119944,4.09752715690958
"256",0.642407808373631,-0.269340084699071,3.88743393916176,3.17287362147275
"257",0.3570478004904,1.50362262230874,3.60207393127853,4.94583632848057
"258",0.871605257745224,-0.0990977019279803,4.11663138853335,3.34311600424385
"259",-0.02007227068258,1.14346147663062,3.22495386010555,4.58567518280245
"260",0.146298923094939,0.314399777358935,3.39132505388306,3.75661348353076
"261",-0.952273326010954,-0.204239653530253,2.29275280477717,3.23797405264157
"262",-0.931848705719773,0.472388021096071,2.31317742506835,3.9146017272679
"263",0.753757059161332,0.179423888588032,3.99878318994946,3.62163759475986
"264",-0.277235147696126,-1.03720113300789,2.967790983092,2.40501257316393
"265",-0.682743142737783,-1.03854569632864,2.56228298805034,2.40366800984319
"266",0.333267103582607,0.354016844098894,3.57829323437073,3.79623055027072
"267",1.21329953813451,0.910928778407295,4.45832566892264,4.35314248457912
"268",-0.998008411096366,-1.61266491042409,2.24701771969176,1.82954879574773
"269",1.35721858519514,1.08062422873515,4.60224471598327,4.52283793490698
"270",1.2718326700216,1.02165834684627,4.51685880080973,4.4638720530181
"271",-0.165118226956248,0.397004600554782,3.07990790383188,3.83921830672661
"272",0.837726730551662,0.102073361129227,4.08275286133979,3.54428706730105
"273",-1.36750532565849,-0.536287437579041,1.87752080512963,2.90592626859278
"274",-0.219851551856163,-0.890462244423045,3.02517457893196,2.55175146174878
"275",-0.866887410837411,-0.145273771641376,2.37813871995071,3.29693993453045
"276",-0.590691603028228,-0.689647971919872,2.6543345277599,2.75256573425195
"277",1.52068169703641,0.772331343833055,4.76570782782454,4.21454505000488
"278",-0.390415838344402,-1.79486673558461,2.85461029244372,1.64734697058721
"279",1.00180721421149,0.217682043924957,4.24683334499961,3.65989575009678
"280",-0.832956796218359,-0.496416837370271,2.41206933456977,2.94579686880155
"281",1.14825247711342,0.888059760304658,4.39327860790154,4.33027346647648
"282",1.48100664352367,0.640372848094975,4.72603277431179,4.0825865542668
"283",-0.295320183422509,0.0802248547018443,2.94970594736562,3.52243856087367
"284",-1.96110841040085,-1.15401049338773,1.28391772038727,2.28820321278409
"285",-0.799865576530295,-0.308362473168573,2.44516055425783,3.13385123300325
"286",0.531675929404485,-0.294202490288349,3.77670206019261,3.14801121588348
"287",-0.18017649834342,-0.758503748684965,3.06484963244471,2.68370995748686
"288",0.467381951916542,1.9411699793521,3.71240808270467,5.38338368552393
"289",1.40198094247185,-0.605778521266002,4.64700707325998,2.83643518490582
"290",-1.34461762883065,-0.612279053634812,1.90040850195748,2.82993465253701
"291",-0.462490463560737,-0.111924505101257,2.78253566722739,3.33028920107057
"292",0.140180765686804,0.416604820664148,3.38520689647493,3.85881852683597
"293",0.580924689389491,-0.393080966399973,3.82595082017762,3.04913273977185
"294",-0.593406405963166,0.530070602735448,2.65161972482496,3.97228430890727
"295",-0.0415622574726773,-0.950814683646646,3.20346387331545,2.49139902252518
"296",0.829279933292433,0.90967175872692,4.07430606408056,4.35188546489874
"297",-0.270059985765636,-0.59440943243784,2.97496614502249,2.84780427373398
"298",-2.01946252814416,0.919632186128553,1.22556360264396,4.36184589230038
"299",-0.260421747298482,-0.904237022549884,2.98460438348964,2.53797668362194
"300",-0.00598672710411014,-0.79585818102462,3.23903940368402,2.64635552514721
"301",0.911757766529725,1.48940645498539,4.15678389731785,4.93162016115722
"302",1.58413958930658,0.710114505904122,4.8291657200947,4.15232821207595
"303",0.0630598260648947,0.0489045070235251,3.30808595685302,3.49111821319535
"304",-0.979837609231253,-2.08956008729374,2.26518852155687,1.35265361887808
"305",-0.225899804573619,-0.756492519245109,3.01912632621451,2.68572118692672
"306",-0.502009846244072,0.428412491873471,2.74301628454405,3.8706261980453
"307",1.49782004392131,0.773336958552983,4.74284617470944,4.21555066472481
"308",0.00244978072498339,0.176469008903804,3.24747591151311,3.61868271507563
"309",1.61171813738441,1.11001245199807,4.85674426817253,4.5522261581699
"310",-0.435691149894241,-0.799108588191636,2.80933498089388,2.64310511798019
"311",-1.48985021638082,-0.0653645334264399,1.75517591440731,3.37684917274539
"312",-0.13465764065491,0.351119733614984,3.11036849013322,3.79333343978681
"313",-0.30113794388553,-0.972426133195868,2.9438881869026,2.46978757297596
"314",0.804099929756374,-0.16385485978679,4.0491260605445,3.27835884638504
"315",-0.0534673041944088,1.57247839907384,3.19155882659372,5.01469210524566
"316",-0.451681454902616,0.261760013743255,2.79334467588551,3.70397371991508
"317",0.582116130597417,0.104689841085676,3.82714226138554,3.5469035472575
"318",-0.99579009167167,0.306758999638998,2.24923603911646,3.74897270581082
"319",0.365450736771695,0.589273541502485,3.61047686755982,4.03148724767431
"320",-1.10143339184783,0.345101204745365,2.1435927389403,3.78731491091719
"321",-0.833008883643849,-0.346444834698584,2.41201724714428,3.09576887147324
"322",-0.218466831646925,0.306258323348329,3.0265592991412,3.74847202952015
"323",1.08906006824698,-0.180351503463663,4.3340861990351,3.26186220270816
"324",-0.489281704133071,-0.901047878454113,2.75574442665505,2.54116582771771
"325",-1.35153978933384,0.35939581825679,1.89348634145428,3.80160952442862
"326",0.746014792549644,0.719162489727353,3.99104092333777,4.16137619589918
"327",1.05116778404797,0.684348377317575,4.29619391483609,4.1265620834894
"328",-1.67750694840675,-2.44221370617183,1.56751918238138,1
"329",0.611013591860572,-0.101266883221536,3.8560397226487,3.34094682295029
"330",0.341825710693311,0.111963256005443,3.58685184148144,3.55417696217727
"331",1.07009039441721,0.584128831756132,4.31511652520533,4.02634253792796
"332",-0.699049706139322,0.568412807841815,2.5459764246488,4.01062651401364
"333",0.452156445240802,0.0117258684907851,3.69718257602893,3.45393957466261
"334",0.154155988838875,1.10210242736447,3.399182119627,4.5443161335363
"335",-0.242990975082283,-0.34737134439405,3.00203515570584,3.09484236177777
"336",0.194532583718387,0.204304685003564,3.43955871450651,3.64651839117539
"337",0.770281124988797,0.752833015446346,4.01530725577692,4.19504672161817
"338",1.16506587751106,1.02102387076267,4.41009200829919,4.46323757693449
"339",1.4771649313757,1.28332999700231,4.72219106216382,4.72554370317413
"340",0.867971411017593,-0.0299905202024391,4.11299754180572,3.41222318596939
"341",0.683718033464863,-1.28932616159772,3.92874416425299,2.15288754457411
"342",-0.503632027994051,-1.78663127959422,2.74139410279407,1.65558242657761
"343",1.52924030414712,0.530277755739604,4.77426643493524,3.97249146191143
"344",0.237539811984624,-0.45955382621585,3.48256594277275,2.98265987995598
"345",-0.527825038863875,-1.25075237888247,2.71720109192425,2.19146132728935
"346",-0.952247282298209,-0.279225654866097,2.29277884848992,3.16298805130573
"347",0.0330566897325443,0.397621234685173,3.27808282052067,3.839834940857
"348",0.0185355960431142,1.41417535879665,3.26356172683124,4.85638906496847
"349",0.783167047099739,0.888223463971601,4.02819317788786,4.33043717014343
"350",-0.0568706586676053,0.454964867723731,3.18815547212052,3.89717857389556
"351",0.643803698123245,-0.883203988953227,3.88882982891137,2.5590097172186
"352",-0.414722479353834,-0.268128772298223,2.83030365143429,3.1740849338736
"353",-0.559245299089679,-1.0076931760691,2.68578083169845,2.43452053010273
"354",-0.263985689335435,-0.80336515895162,2.98104044145269,2.63884854722021
"355",0.0624198274122448,0.237773685219557,3.30744595820037,3.67998739139138
"356",0.0476635495607045,0.0215979214137857,3.29268968034883,3.46381162758561
"357",-0.584122034061082,0.739678647286049,2.66090409672704,4.18189235345787
"358",1.39177901620215,1.22436411511343,4.63680514699028,4.66657782128525
"359",-1.86404976104815,-0.875313109064807,1.38097636973998,2.56690059710702
"360",0.806233148756528,-0.224416862488131,4.05125927954465,3.21779684368369
"361",-1.84387686715524,0.268413849534742,1.40114926363289,3.71062755570657
"362",0.0862850154297438,0.146344417834615,3.33131114621787,3.58855812400644
"363",-0.249887091872729,0.549317526161708,2.9951390389154,3.99153123233353
"364",-0.211570714856478,-0.590430547207429,3.03345541593165,2.8517831589644
"365",1.14933210846987,0.820285758286066,4.39435823925799,4.26249946445789
"366",0.736943658763688,0.0464597781300238,3.98196978955181,3.48867348430185
"367",0.113354026113097,0.393382505878405,3.35838015690122,3.83559621205023
"368",1.09399319060661,0.519353831944107,4.33901932139474,3.96156753811593
"369",-1.03438551382796,0.107026501882325,2.21064061696016,3.54924020805415
"370",0.0211680497179735,0.0917107178592547,3.2661941805061,3.53392442403108
"371",1.54170245500231,1.15333915705478,4.78672858579043,4.59555286322661
"372",-0.201171212596572,-1.21449756324253,3.04385491819155,2.22771614292929
"373",-0.525162323354427,-2.32049895086611,2.7198638074337,1.12171475530572
"374",-0.631010072072273,-1.17052203401993,2.61401605871585,2.27169167215189
"375",-0.834109749144138,-0.998192261782415,2.41091638164399,2.44402144438941
"376",0.141608071844952,-0.161489784790789,3.38663420263308,3.28072392138104
"377",1.32094969371941,-0.617056949454034,4.56597582450754,2.82515675671779
"378",-0.516702472210962,0.163904994304774,2.72832365857716,3.6061187004766
"379",0.589483296500196,-0.635134554493424,3.83450942728832,2.8070791516784
"380",1.54775070771976,1.01936943187684,4.79277683850789,4.46158313804867
"381",-0.307528498708896,-0.217380504446525,2.93749763207923,3.2248332017253
"382",-0.710321690815615,-1.43844364242259,2.53470443997251,2.00377006374923
"383",-0.623578374174603,-1.98933704786137,2.62144775661352,1.45287665831045
"384",-1.03325860461493,0.683787927630313,2.2117675261732,4.12600163380214
"385",-0.92085306578515,-0.447298856343633,2.32417306500298,2.99491484982819
"386",0.909439416108766,0.414874221751754,4.15446554689689,3.85708792792358
"387",1.54170245500231,1.15333915705478,4.78672858579043,4.59555286322661
"388",1.15768285016023,1.1520821373744,4.40270898094836,4.59429584354623
"389",1.02938576228932,0.61757999001891,4.27441189307744,4.05979369619073
"390",1.14816671097469,0.247528949464573,4.39319284176281,3.6897426556364
"391",0.816828071867375,-1.49331523011437,4.0618542026555,1.94889847605745
"392",1.11570530767458,0.554357537370049,4.36073143846271,3.99657124354187
"393",-1.33275161565017,0.306402209084964,1.91227451513795,3.74861591525679
"394",1.04619916268696,0.750544100476918,4.29122529347509,4.19275780664874
"395",0.194532583718387,0.204304685003564,3.43955871450651,3.64651839117539
"396",1.54775070771976,1.01936943187684,4.79277683850789,4.46158313804867
"397",0.542002719409897,1.73320202560503,3.78702885019802,5.17541573177686
"398",-0.237486772614053,-0.335693210839075,3.00753935817407,3.10652049533275
"399",0.552014783556936,-0.258105626502109,3.79704091434506,3.18410807966972
"400",-0.781694774665182,-0.785257650038225,2.46333135612294,2.6569560561336
"401",1.56707446251066,1.04424967941934,4.81210059329878,4.48646338559116
"402",1.53093730732212,0.886405321418837,4.77596343811025,4.32861902759066
"403",-1.63649992782444,0.375892461933663,1.60852620296368,3.81810616810549
"404",0.968604184671945,-0.535917129780981,4.21363031546007,2.90629657639084
"405",-0.0701461607410418,0.296114895003302,3.17487997004708,3.73832860117513
"406",0.971578395193606,0.958512054223985,4.21660452598173,4.40072576039581
"407",-0.185071798135096,-0.122758599094884,3.05995433265303,3.31945510707694
"408",0.796732763853595,0.57596953579231,4.04175889464172,4.01818324196414
"409",-0.123410274322013,-1.03566642779794,3.12161585646611,2.40654727837388
"410",0.862598655954159,-0.850791031787649,4.10762478674229,2.59142267438418
"411",1.08326354192779,-0.51348106225895,4.32828967271592,2.92873264391287
"412",-0.214394627244518,-1.52331953863465,3.03063150354361,1.91889416753717
"413",1.18910311038604,0.909022934561025,4.43412924117416,4.35123664073285
"414",1.32938831071904,1.14782556661442,4.57441444150716,4.59003927278625
"415",1.38649683684636,0.249586983930036,4.63152296763448,3.69180069010186
"416",-0.764881374267538,-0.652293539580217,2.48014475652059,2.78992016659161
"417",-0.253644312910995,-0.0487603705257533,2.99138181787713,3.39345333564607
"418",1.39536900195185,1.04850625017932,4.64039513273998,4.49071995635115
"419",-0.698455677635138,-0.519762379702815,2.54657045315299,2.92245132646901
"420",-0.746801148110061,-0.975212096851685,2.49822498267806,2.46700160932014
"421",0.77346160434028,-0.420776384367378,4.01848773512841,3.02143732180445
"422",-0.959790790047354,-0.0259554505288987,2.28523534074077,3.41625825564293
"423",-0.332900506217244,-0.108291026811082,2.91212562457088,3.33392267936074
"424",-0.931874749432518,0.547374022431915,2.31315138135561,3.98958772860374
"425",-0.877310256411689,-1.03328351084873,2.36771587437644,2.4089301953231
"426",0.831652434121461,0.311029087643007,4.07667856490959,3.75324279381483
"427",-0.993923152809722,-0.1502404296385,2.2511029779784,3.29197327653333
"428",0.192639601143694,0.736290115616905,3.43766573193182,4.17850382178873
"429",-0.733461114041734,-0.895352742393596,2.51156501674639,2.54686096377823
"430",0.693125779677582,-0.412533038634114,3.93815191046571,3.02968066753771
"431",0.492984451679325,0.64545978864101,3.73801058246745,4.08767349481283
"432",1.4157078561043,1.08460311396556,4.66073398689243,4.52681682013739
"433",-0.655834719618185,0.426877786663522,2.58919141116994,3.86909149283535
"434",0.99280061242042,-0.534011285934711,4.23782674320855,2.90820242023711
"435",-0.219124512035759,1.44276524465589,3.02590161875237,4.88497895082771
"436",0.396844953284754,0.42120034002495,3.64187108407288,3.86341404619677
"437",1.25476754322568,1.35579352036149,4.49979367401381,4.79800722653331
"438",-0.971571037089101,-0.30410590240859,2.27345509369902,3.13810780376324
"439",-0.515780620854454,-1.36871982656666,2.72924550993367,2.07349387960517
"440",-1.57283631198356,1.0836067686998,1.67218981880456,4.52582047487163
"441",0.838127874973316,0.227173154233162,4.08315400576144,3.66938686040499
"442",0.440059939805891,0.279665318846657,3.68508607059402,3.72187902501848
"443",-0.515780620854454,-1.36871982656666,2.72924550993367,2.07349387960517
"444",1.2668640486606,1.08785407000562,4.51189017944872,4.53006777617744
"445",-0.826934587213648,-0.555400561212363,2.41809154357448,2.88681314495946
"446",-0.0160248349638943,1.27043547241837,3.22900129582423,4.71264917859019
"447",-0.289331653131038,-0.76926168265202,2.95569447765709,2.6729520235198
"448",1.12343867754639,0.462252348760563,4.36846480833451,3.90446605493239
"449",1.54303381275703,0.618465871062964,4.78805994354516,4.06067957723479
"450",-0.599589811846469,-1.41358123683331,2.64543631894166,2.02863246933851
"451",0.833437023723329,-0.248716407916562,4.07846315451146,3.19349729825526
"452",-0.946199029580753,-0.413195380044033,2.29882710120737,3.02901832612779
"453",0.396870996997499,0.346214338689106,3.64189712778562,3.78842804486093
"454",0.18369753134752,-0.0943938325051031,3.42872366213565,3.34781987366672
"455",-1.50827274464421,0.878629927416435,1.73675338614392,4.32084363358826
"456",-0.174102201913219,-0.967459475198745,3.07092392887491,2.47475423097308
"457",-1.86812196545055,0.954264752918173,1.37690416533757,4.39647845909
"458",-1.6196138151723,-2.14261495953682,1.62541231561582,1.29959874663501
"459",0.799506409104277,0.102426657812333,4.0445325398924,3.54464036398416
"460",-0.940150776863297,-0.547165105221969,2.30487535392483,2.89504860094986
"461",0.563880796737413,0.660575636217667,3.80890692752554,4.10278934238949
"462",-1.64640294657411,-2.13918300674964,1.59862318421402,1.30303069942218
"463",-1.11145509300045,-0.41780874135805,2.13357103778768,3.02440496481377
"464",-0.00116143916855391,-0.367194555264513,3.24386469161957,3.07501915090731
"465",-0.181437951407465,-0.191865780820426,3.06358817938066,3.2503479253514
"466",1.27762919634078,1.35478790564156,4.52265532712891,4.79700161181339
"467",1.27158094362333,1.4887576308195,4.51660707441145,4.93097133699132
"468",-0.50586461227628,-2.22063270198777,2.73916151851185,1.22158100418406
"469",-0.314617894500656,-0.0196413941764922,2.93040823628747,3.42257231199533
"470",-0.715012542065601,-1.91433320457231,2.53001358872252,1.52788050159951
"471",-1.60415781624213,-1.39979156175115,1.640868314546,2.04242214442068
"472",-0.935182155502291,-0.613360828381312,2.30984397528584,2.82885287779051
"473",1.44461776193686,0.949627774067697,4.68964389272498,4.39184148023952
"474",-0.776726153304175,-0.851453373197568,2.46829997748395,2.59076033297426
"475",1.21196476350114,0.908017319841098,4.45699089428926,4.35023102601292
"476",0.822222061074648,0.0470067105732602,4.06724819186277,3.48922041674509
"477",-0.269974219626906,0.0461213784022449,2.97505191116122,3.48833508457407
"478",-0.750274514439378,-1.0283168528516,2.49475161634875,2.41389685332022
"479",0.117111247151364,0.991460402565866,3.36213737793949,4.43367410873769
"480",-0.612194579646835,0.583064211907274,2.63283155114129,4.0252779180791
"481",-0.467111410120045,-0.556049385378257,2.77791472066808,2.88616432079357
"482",-1.03438551382796,0.107026501882325,2.21064061696016,3.54924020805415
"483",0.848673699939446,-0.129856769080776,4.09369983072757,3.31235693709105
"484",-0.369286687405681,-1.38609885741666,2.87573944338245,2.05611484875517
"485",-1.61945603517236,-0.677764140683976,1.62557009561576,2.76444956548785
"486",-0.272458530307409,0.0792192399819165,2.97256760048072,3.52143294615374
"487",1.07046549512611,0.784214626195911,4.31549162591424,4.22642833236774
"488",-0.360135477160142,0.752300979958437,2.88489065362798,4.19451468613026
"489",1.47612378830139,1.3470993820944,4.72114991908952,4.78931308826623
"490",-1.01124481557282,1.44550145828821,2.2337813152153,4.88771516446003
"491",-0.178540051735907,-0.0288824648868142,3.06648607905222,3.41333124128501
"492",0.779359558924115,-1.11628630212306,4.02438568971224,2.32592740404877
"493",-0.621371833605119,-1.48034962413198,2.62365429718301,1.96186408203985
"494",1.50030435460181,0.740239096973311,4.74533048538994,4.18245280314514
"495",-0.257937436617979,-0.937334884129556,2.98708869417015,2.50487882204227
"496",-0.487680756526931,0.594474463911151,2.75734537426119,4.03668817008298
"497",-0.743099352508888,-0.585525152281552,2.50192677827924,2.85668855389027
"498",-1.98583572734888,1.18556040704457,1.25919040343925,4.62777411321639
"499",1.50030435460181,0.740239096973311,4.74533048538994,4.18245280314514
"500",0.719855188653399,-1.13148180359722,3.96488131944152,2.31073190257461
"501",-1.04710420065034,0.745571814978639,2.19792193013779,4.18778552115046
"502",-3.4529955519752e-05,0.209566870483476,3.24499160083261,3.6517805766553
"503",0.354685589091507,0.322339705866541,3.59971171987963,3.76455341203837
"504",-1.33302938576119,0.848487494394031,1.91199674502693,4.29070120056586
"505",-2.06277484526319,0.318996127557999,1.18225128552494,3.76120983372982
"506",0.967454648624817,-0.499907809635112,4.21248077941294,2.94230589653671
"507",0.0713743417778189,1.13943901775091,3.31640047256594,4.58165272392274
"508",-1.95359364676283,0.254768060189211,1.2914324840253,3.69698176636104
"509",-0.608862404893341,-0.21275279505022,2.63616372589478,3.2294609111216
"510",1.10748259651036,-1.12434596430654,4.35250872729849,2.31786774186529
"511",-0.594668468342047,-2.12431238775924,2.65035766244608,1.31790131841259
"512",0.774134401595929,0.211516135447776,4.01916053238405,3.6537298416196
"513",0.529931648372895,-1.29486548373416,3.77495777916102,2.14734822243766
"514",1.00346970453174,0.872317326387264,4.24849583531987,4.31453103255909
"515",1.61640898863439,1.5859020141478,4.86143511942252,5.02811572031962
"516",1.44470352807559,1.59015858490778,4.68972965886371,5.03237229107961
"517",-0.37062285472931,-0.0567181409865746,2.87440327605882,3.38549556518525
"518",-0.528081574831055,0.0108543355290177,2.71694455595707,3.45306804170084
"519",-0.230782659795895,-0.049765985245681,3.01424347099223,3.39244772092614
"520",1.0583814342606,1.12313546096113,4.30340756504873,4.56534916713296
"521",-0.265138642261214,-1.30514058336376,2.97988748852691,2.13707312280806
"522",-1.57865407244659,0.0309557808020922,1.66637205834154,3.47316948697392
"523",-0.0366539037967649,1.70544250953185,3.20837222699136,5.14765621570367
"524",0.538685131075431,1.25621930509501,3.78371126186356,4.69843301126684
"525",-0.504579923063305,-0.179020457386942,2.74044620772482,3.26319324878488
"526",0.489677045609553,-0.515275062172217,3.73470317639768,2.92693864399961
"527",-0.840997396792582,-0.325025106673887,2.40402873399554,3.11718859949794
"528",0.516841277720264,-0.318621220519613,3.76186740850839,3.12359248565221
"529",0.136077825663976,-0.0981819170099204,3.3811039564521,3.3440317891619
"530",-0.915121071460859,-0.0351786792860054,2.32990505932727,3.40703502688582
"531",-0.110186859674067,-0.726844452405827,3.13483927111406,2.715369253766
"532",0.140592972483393,-0.172706401034536,3.38561910327152,3.26950730513729
"533",-0.832438789681878,-0.567078694767339,2.41258734110625,2.87513501140449
"534",-1.1771195258401,-0.864579327158513,2.06790660494803,2.57763437901331
"535",0.825620042852057,1.0537649417883,4.07064617364018,4.49597864796013
"536",-1.80527126273425,-0.215605783011791,1.43975486805387,3.22660792316003
"537",0.0852814805273446,0.236768070499629,3.33030761131547,3.67898177667145
"538",-1.26360630651393,-1.57529263613122,1.9814198242742,1.8669210700406
"539",1.29927948181224,-0.118280527248458,4.54430561260036,3.32393317892337
"540",-0.399810530672885,0.620342484220356,2.84521560011524,4.06255619039218
"541",1.46205123455143,-0.0805693043547689,4.70707736533956,3.36164440181706
"542",-0.454988860972388,-0.898974837069973,2.79003726981574,2.54323886910185
"543",1.5524676026825,1.42027299269072,4.79749373347062,4.86248669886255
"544",1.05696431036715,1.01747793611286,4.30199044115527,4.45969164228469
"545",-0.768445316304491,-0.551421675981953,2.47658081448364,2.89079203018987
"546",-0.61231795395747,-0.0841208665057287,2.63270817683066,3.3580928396661
"547",-1.95034326272067,-0.88707665775179,1.29468286806746,2.55513704842004
"548",-0.176965147842513,1.54162587881429,3.06806098294561,4.98383958498612
"549",-0.738178009004466,-1.29625630320748,2.50684812178366,2.14595740296435
"550",-0.659264117804127,-0.615649743350741,2.585762012984,2.82656396282108
"551",0.321170598147695,0.621956294454766,3.56619672893582,4.06417000062659
"552",-1.4757386290896,-2.07967019241753,1.76928750169852,1.3625435137543
"553",0.183767436038198,-0.0626291506323798,3.42879356682632,3.37958455553945
"554",-0.547200881080258,-1.12566062375328,2.69782524970787,2.31655308241855
"555",1.1540490034326,1.22118931909995,4.39907513422073,4.66340302527177
"556",-0.539259645788109,-1.79161577954456,2.70576648500002,1.65059792662727
"557",0.0167089657514455,0.310766299068761,3.26173509653957,3.75298000524059
"558",-0.803197751283788,0.487454533788921,2.44182837950434,3.92966823996075
"559",-0.859455712939741,-0.964088785482816,2.38557041784838,2.47812492068901
"560",-0.289331653131038,-0.76926168265202,2.95569447765709,2.6729520235198
"561",-1.45984708004847,-0.414081261088088,1.78517905073966,3.02813244508374
"562",-1.08003483277465,-0.660867944171429,2.16499129801348,2.7813457620004
"563",-0.762397063587035,-0.685391401159889,2.48262906720109,2.75682230501194
"564",0.115838336793601,0.360284644298733,3.36086446758173,3.80249835047056
"565",-0.406755200348941,-1.00906992942534,2.83827093043919,2.43314377674648
"566",-1.25174029333345,-0.656611373411446,1.99328583745467,2.78560233276038
"567",-0.711679092283084,-0.828584355094931,2.53334703850504,2.61362935107689
"568",0.170120250134504,0.116219826765426,3.41514638092263,3.55843353293725
"569",-1.37825620848115,-2.28864376088452,1.86676992230698,1.1535699452873
"570",-1.67373794851327,-0.433699323150669,1.57128818227486,3.00851438302116
"571",1.00403979849371,0.651683466318509,4.24906592928184,4.09389717249033
"572",-0.578073781343626,0.605708922108113,2.6669523494445,4.04792262827994
"573",1.2982843088864,0.844794867192237,4.54331043967453,4.28700857336406
"574",0.491105733962166,-0.307977268415188,3.73613186475029,3.13423643775664
"575",1.37471388940623,1.55849928862864,4.61974002019436,5.00071299480047
"576",0.611739356651952,0.350394749422517,3.85676548744008,3.79260845559434
"577",1.14460276893774,0.348400813062838,4.38962889972586,3.79061451923466
"578",0.0230836591267602,-1.05304545864794,3.26810978991489,2.38916824752388
"579",0.885450853780632,-0.160881589276307,4.13047698456876,3.28133211689552
"580",-0.535914417150379,0.704569556266522,2.70911171363775,4.14678326243835
"581",-0.124524129650811,1.67957448922264,3.12050200113731,5.12178819539447
"582",0.565302730199773,-0.0282742693723322,3.8103288609879,3.41393943679949
"583",-1.7701052387639,-1.05840081526938,1.47492089202423,2.38381289090244
"584",-0.762397063587035,-0.685391401159889,2.48262906720109,2.75682230501194
"585",0.742450850512691,0.820034353325617,3.98747698130082,4.26224805949744
"586",-0.121617322743584,-0.722760181581831,3.12340880804454,2.71945352458999
"587",-1.12148021103172,-1.71850343201948,2.1235459197564,1.72371027415235
"588",0.621752695828015,0.240652953750252,3.86677882661614,3.68286665992208
"589",-0.743099352508888,-0.585525152281552,2.50192677827924,2.85668855389027
"590",-1.99993432481158,-0.167122278068759,1.24509180597654,3.27509142810307
"591",-1.4539908313033,0.634565109883128,1.79103529948482,4.07677881605495
"592",-0.0147112944743585,0.55382550188214,3.23031483631377,3.99603920805396
"593",-0.561286424658728,0.813659033901965,2.6837397061294,4.25587274007379
"594",0.858563664804874,-0.906783643166043,4.103589795593,2.53543006300578
"595",-0.52785108257662,-1.17576637754663,2.71717504821151,2.26644732862519
"596",-0.0185091456443974,1.30353333399804,3.22651698514373,4.74574704016986
"597",-0.748433619290176,-1.41033028079326,2.49659251149795,2.03188342537857
"598",1.13499960187408,0.116439041690372,4.3800257326622,3.5586527478622
"599",-0.841310954787373,-1.36599796101662,2.40371517600075,2.0762157451552
"600",0.966957448634298,0.514387173946984,4.21198357942242,3.95660088011881
"601",-0.817270305033749,-0.940214152660251,2.42775582575438,2.50199955351157
"602",-0.820860290783447,-0.764356287726143,2.42416584000468,2.67785741844568
"603",-0.393505741988249,-0.775233955369071,2.85152038879988,2.66697975080275
"604",0.275459736486895,0.69494890830397,3.52048586727502,4.13716261447579
"605",-0.64915483022464,-0.768612858486126,2.59587130056349,2.6736008476857
"606",-1.06387911276584,0.608603087594135,2.18114701802229,4.05081679376596
"607",1.38681039484115,1.29055983827277,4.63183652562927,4.7327735444446
"608",1.55851585539995,1.28630326751279,4.80354198618808,4.72851697368461
"609",-0.946199029580753,-0.413195380044033,2.29882710120737,3.02901832612779
"610",-0.205436696000293,-0.0838694615452804,3.03958943478783,3.35834424462654
"611",-0.332788696365769,0.457253782693159,2.91223743442236,3.89946748886498
"612",0.707079768685813,-0.446556861036213,3.95210589947394,2.99565684513561
"613",-1.06145452451132,-0.140011586161465,2.18357160627681,3.30220212001036
"614",0.501361344247876,-0.193903290829406,3.746387475036,3.24831041534242
"615",0.177719183320743,0.0713405745455561,3.42274531410887,3.51355428071738
"616",-0.92085306578515,-0.447298856343633,2.32417306500298,2.99491484982819
"617",-1.87227723559332,0.556249047482768,1.37274889519481,3.99846275365459
"618",-0.406781244061686,-0.9340839280895,2.83824488672644,2.50812977808233
"619",0.450047235269208,0.244909524510236,3.69507336605733,3.68712323068206
"620",-0.564605609583712,-1.75751230324496,2.68042052120441,1.68470140292687
"621",-1.19966492056203,-1.40966361467415,2.04536121022609,2.03255009149768
"622",1.06363263530153,-0.279652977945548,4.30865876608966,3.16256072822628
"623",0.855848861869936,0.312934931489277,4.10087499265806,3.7551486376611
"624",-1.32076692006674,-0.527082050775149,1.92425921072139,2.91513165539668
"625",-0.0240230922836536,-0.366188940544585,3.22100303850447,3.07602476562724
"626",0.186181842028023,-0.127491694084775,3.43120797281615,3.31472201208705
"627",-0.628186159684233,-0.237633042592713,2.61683997110389,3.20458066357911
"628",-1.48490282916365,-0.851081685688208,1.76012330162447,2.59113202048362
"629",1.35224996383414,1.14681995189449,4.59727609462226,4.58903365806632
"630",-0.70229738978311,0.123194769204517,2.54272874100502,3.56540847537634
"631",-1.15646441329448,-1.37457236560784,2.08856171749365,2.06764134056399
"632",0.269097925774649,-0.212054220860831,3.51412405656277,3.23015948531099
"633",0.672121610135802,-0.177611795960413,3.91714774092393,3.26460191021141
"634",-1.16390556648078,0.135157705464873,2.08112056430735,3.5773714116367
"635",0.863728554447966,0.487866835600957,4.10875468523609,3.93008054177278
"636",-1.52239738581966,-0.399066756361049,1.72262874496847,3.04314694981078
"637",-1.52999449871776,-1.91059137622007,1.71503163207036,1.53162232995176
"638",-0.476384003166918,0.644779056404836,2.76864212762121,4.08699276257666
"639",-0.738178009004466,-1.29625630320748,2.50684812178366,2.14595740296435
"640",0.228133340800929,0.545218907255424,3.47315947158905,3.98743261342725
"641",1.07510906851952,0.615568760579054,4.32013519930764,4.05778246675088
"642",-0.755195857943799,-0.31758570192568,2.48983027284433,3.12462800424615
"643",1.28972570177569,1.08684845528569,4.53475183256382,4.52906216145751
"644",0.201006204282109,1.67685262367261,3.44603233507023,5.11906632984443
"645",1.53344766171537,0.778321458503321,4.7784737925035,4.22053516467515
"646",-0.199388443282837,-0.217839186723217,3.04563768750529,3.22437451944861
"647",-0.479233959267703,-0.213123933686542,2.76579217152042,3.22908977248528
"648",0.49966434107287,-0.550030856508639,3.744690471861,2.89218284966319
"649",1.18054450327533,1.15107652265448,4.42557063406346,4.5932902288263
"650",0.405403560395458,0.179146751931499,3.65042969118358,3.62136045810332
"651",-0.555707400765471,-1.03357903833152,2.68931873002265,2.40863466784031
"652",-0.0400572582699614,0.587928978181739,3.20496887251816,4.03014268435356
"653",1.50807565420702,0.887410936138764,4.75310178499515,4.32962464231059
"654",0.508536506178366,0.248888409740646,3.75356263696649,3.69110211591247
"655",-0.445329388361395,-0.489280998079592,2.79969674242673,2.95293270809223
"656",-0.565345639232625,-0.723751448219471,2.6796804915555,2.71846225795235
"657",-0.0499033621574561,1.47160653547557,3.19512276863067,4.9138202416474
"658",1.33323002286701,0.50486841770709,4.57825615365514,3.94708212387892
"659",-0.718854254213574,-1.27137605566498,2.52617187657455,2.17083765050684
"660",0.489142739531353,1.28841693754834,3.73416887031948,4.73063064372017
"661",-0.556073046185753,-1.92457989000256,2.68895308460237,1.51763381616926
"662",-0.603855295250189,-0.28295313513606,2.64117083553794,3.15926057103577
"663",0.348637336374051,0.456309431044477,3.59366346716218,3.8985231372163
"664",-0.479643465665917,-1.21087546856616,2.76538266512221,2.23133823760567
"665",0.549364512616889,0.882622329890871,3.79439064340501,4.3248360360627
"666",-0.197837762814054,-0.128748713765151,3.04718836797407,3.31346499240667
"667",1.3211459620015,0.84378925247231,4.56617209278962,4.28600295864413
"668",0.748499103230147,0.686064628147681,3.99352523401827,4.12827833431951
"669",-1.47823592959862,1.32041601326656,1.76679020118951,4.76262971943838
"670",-0.3085696417832,-0.153611119354428,2.93645648900493,3.2886025868174
"671",0.959879617301697,0.813766553125778,4.20490574808982,4.2559802592976
"672",1.05548353458904,0.96015214502752,4.30050966537717,4.40236585119935
"673",-1.38493609787469,-1.09315311573487,1.86009003291343,2.34906059043695
"674",0.5614610180518,0.614682879534999,3.80648714883993,4.05689658570682
"675",-0.623153006328336,-0.382819384014396,2.62187312445979,3.05939432215743
"676",-0.819163287608442,-0.40822872204691,2.42586284317968,3.03398498412492
"677",-0.581419009981356,-1.89047641370297,2.66360712080677,1.55173729246886
"678",-1.3914926129576,0.769522607827777,1.85353351783052,4.2117363139996
"679",-0.902998522313202,-0.378104130977721,2.34202760847492,3.0641095751941
"680",-0.884827720448089,-0.854999307847373,2.36019841034004,2.58721439832445
"681",1.03794436940002,0.375526401925458,4.28297050018815,3.81774010809728
"682",-0.257937436617979,-0.937334884129556,2.98708869417015,2.50487882204227
"683",-1.89463332674134,0.41561142039628,1.35039280404679,3.85782512656811
"684",-0.923337376465653,-0.414200994763961,2.32168875432247,3.02801271140786
"685",-0.917289123748197,-0.548170719941897,2.32773700703993,2.89404298622993
"686",-1.96854010829852,-0.335195479546295,1.2764860224896,3.10701822662553
"687",-0.909264822715693,1.01346769168521,2.33576130807243,4.45568139785704
"688",1.02893776760896,-0.37616692793421,4.27396389839708,3.06604677823761
"689",-0.495935549813871,0.219456765359692,2.74909058097425,3.66167047153152
"690",0.435552185292523,1.18647764728586,3.68057831608065,4.62869135345769
"691",-0.871518539661413,0.0943534783848283,2.37350759112671,3.53656718455665
"692",-0.211596758569224,-0.515444545871586,3.0334293722189,2.92676916030024
"693",-1.12752846374918,-1.58453370684154,2.11749766703895,1.85767999933028
"694",0.617035800865282,-0.160250607063628,3.86206193165341,3.2819630991082
"695",-0.26392596690945,-0.0878483467756912,2.98110016387868,3.35436535939613
"696",0.782125904025435,0.951992849063698,4.02715203481356,4.39420655523552
"697",-0.908961008891928,0.3963964050403,2.3360651218962,3.83861011121212
"698",-0.0591032429498343,0.0209634453301791,3.18592288783829,3.463177151502
"699",-0.367058912692358,-0.157590004584839,2.87796721809577,3.28462370158699
"700",0.920046783789013,-0.783042761465142,4.16507291457714,2.65917094470668
"701",-0.382149266202251,-0.00941255069945784,2.86287686458587,3.43280115547237
"702",0.831678477834206,0.236043086307163,4.07670460862233,3.67825679247899
"703",1.38681039484115,1.29055983827277,4.63183652562927,4.7327735444446
"704",-1.22671058793101,-0.144624947475482,2.01831554285711,3.29758875869634
"705",1.38076214212369,1.42452956345071,4.62578827291182,4.86674326962253
"706",-0.595504553559826,0.0488432439522795,2.6495215772283,3.4910569501241
"707",-0.904039665387506,-0.314334745885624,2.34098646540062,3.1278789602862
"708",-0.440272891691127,0.877609415741181,2.804753239097,4.31982312191301
"709",-0.943726497755462,-1.8567297279574,2.30129963303266,1.58548397821443
"710",0.346516561943298,0.587852818155167,3.59154269273142,4.03006652432699
"711",-1.61945603517236,-0.677764140683976,1.62557009561576,2.76444956548785
"712",-0.95832157872841,-0.0702699283523175,2.28670455205972,3.37194377781951
"713",-0.498445904207119,0.327540628275207,2.74658022658101,3.76975433444703
"714",1.05234336380784,0.573353055835861,4.29736949459597,4.01556676200769
"715",-0.80591382924775,-0.174392747990637,2.43911230154038,3.26782095818119
"716",0.347873963410767,-0.0220064691724931,3.59290009419889,3.42020723699933
"717",0.821518923117362,-1.01742566796465,4.06654505390549,2.42478803820717
"718",-0.508579415211218,-1.00091412733245,2.73644671557691,2.44129957883938
"719",-1.00220398980941,-0.450272126854115,2.24282214097872,2.99194157931771
"720",0.418969277149314,-0.133107176247792,3.66399540793744,3.30910652992403
"721",1.02333750957186,0.751549715196846,4.26836364035999,4.19376342136867
"722",-0.174102201913219,-0.967459475198745,3.07092392887491,2.47475423097308
"723",0.53995676640417,0.00582920692726725,3.7849828971923,3.44804291309909
"724",0.405403560395458,0.179146751931499,3.65042969118358,3.62136045810332
"725",0.436400049365514,0.423758501908042,3.68142618015364,3.86597220807987
"726",-0.186224751060876,-0.624534023507029,3.05880137972725,2.8176796826648
"727",0.843377255726115,0.38078858740537,4.08840338651424,3.82300229357719
"728",0.386105849317311,0.0792805030531621,3.63113198010544,3.52149420922499
"729",-0.749147605226343,-0.451555427103616,2.49587852556178,2.99065827906821
"730",-1.03438551382796,0.107026501882325,2.21064061696016,3.54924020805415
"731",0.0658603951385627,-0.53028325679171,3.31088652592669,2.91193044938012
"732",-1.19975068670076,-2.05019442551423,2.04527544408736,1.39201928065759
"733",-0.113507255572349,1.47940904088536,3.13151887521578,4.92162274705719
"734",-1.20666106834874,0.331916932711063,2.03836506243938,3.77413063888289
"735",-1.21213922710423,0.245252797820244,2.0328869036839,3.68746650399207
"736",0.729768496833198,-0.396331922440028,3.97479462762132,3.0458817837318
"737",0.571312494635083,-0.158239377623772,3.81633862542321,3.28397432854805
"738",-1.31927166503505,-0.646382529934412,1.92575446575308,2.79583117623741
"739",-0.977619289806557,-0.170136177230654,2.26740684098157,3.27207752894117
"740",-0.977619289806557,-0.170136177230654,2.26740684098157,3.27207752894117
"741",-0.546170027436089,0.59049557868074,2.69885610335204,4.03270928485257
"742",-1.32816987385329,-1.37031579484785,1.91685625693484,2.07189791132397
"743",-0.743099352508888,-0.585525152281552,2.50192677827924,2.85668855389027
"744",-0.289357696843783,-0.694275681316177,2.95566843394434,2.74793802485565
"745",0.353922216128223,-0.155976194350429,3.59894834691635,3.2862375118214
"746",0.559254477482317,0.105695455805604,3.80428060827044,3.54790916197743
"747",0.808720876315683,0.280270020490211,4.05374700710381,3.72248372666204
"748",0.174725335245761,-0.0484214219249348,3.41975146603389,3.39379228424689
"749",-0.228298349115392,-0.0828638468253527,3.01672778167273,3.35934985934647
"750",0.823119870723502,0.478096674400614,4.06814600151163,3.92031038057244
"751",-0.369286687405681,-1.38609885741666,2.87573944338245,2.05611484875517
"752",-1.10404943881552,-1.16163775386365,2.1409766919726,2.28057595230818
"753",1.73406302810673,0.639089547845474,4.97908915889486,4.0813032540173
"754",1.01008805121117,0.517713741140573,4.2551141819993,3.9599274473124
"755",-0.977619289806557,-0.170136177230654,2.26740684098157,3.27207752894117
"756",1.22174633539374,0.103330380809603,4.46677246618187,3.54554408698143
"757",-0.39376227795543,0.48637275904242,2.8512638528327,3.92858646521425
"758",-1.15759132250751,-1.95133379135583,2.08743480828061,1.490879914816
"759",0.734459348083185,0.0795576397096956,3.97948547887131,3.52177134588152
"760",-0.129458527039469,-0.901696702620007,3.11556760374866,2.54051700355182
"761",1.31862316303885,0.880891730978477,4.56364929382698,4.3231054371503
"762",0.326805927588284,-1.0475497101608,3.57183205837641,2.39466399601103
"763",-0.84620625457905,-0.730252811426543,2.39881987620908,2.71196089474528
"764",-1.14905875910956,-2.11840137811343,2.09596737167857,1.32381232805839
"765",-1.31927166503505,-0.646382529934412,1.92575446575308,2.79583117623741
"766",-0.141581076187126,-0.558771250928292,3.103445054601,2.88344245524353
"767",0.360759885521708,0.113383979352762,3.60578601630983,3.55559768552459
"768",0.59663241471794,-0.117356852587528,3.84165854550607,3.3248568535843
"769",0.652093324697369,0.0653677529554657,3.89711945548549,3.50758145912729
"770",-0.895823360382712,0.0646875695923311,2.34920277040541,3.50690127576416
"771",0.56139648605691,0.693673497797339,3.80642261684504,4.13588720396916
"772",-0.412803453066396,-0.875100204247408,2.83222267772173,2.56711350192442
"773",0.561626978311345,-0.492947215278309,3.80665310909947,2.94926649089352
"774",0.94266848936105,1.09348739412185,4.18769462014918,4.53570110029367
"775",-1.49097712559385,-0.642125959174428,1.75404900519427,2.8000877469974
"776",-0.360754124007722,-1.55316644417427,2.8842720067804,1.88904726199756
"777",-0.723775597717995,-0.560644904739059,2.52125053307013,2.88156880143277
"778",0.840816634195509,-0.917559419086314,4.08584276498364,2.52465428708551
"779",1.23323724786531,0.8219258490896,4.47826337865343,4.26413955526143
"780",0.284416071140603,0.0402103687564395,3.52944220192873,3.48242407492826
"781",0.948716742078506,0.959517668943913,4.19374287286663,4.40173137511574
"782",-1.95998150118782,-0.577249067639746,1.28504462960031,2.86496463853208
"783",0.57742527934743,-0.371199721064048,3.82245141013556,3.07101398510778
"784",1.72519086300124,-0.159829718403811,4.97021699378936,3.28238398776801
"785",0.373245970919115,-0.131095946807936,3.61827210170724,3.31111775936389
"786",-1.43147275532314,-0.626930457700271,1.81355337546499,2.81528324847155
"787",-0.982566677023724,0.615580975031114,2.2624594537644,4.05779468120294
"788",0.589547828495087,-0.714125172755764,3.83457395928321,2.72808853341606
"789",1.02891172389621,-0.301180926598367,4.27393785468434,3.14103277957346
"790",-0.3314312948983,-0.1526055046345,2.91359483588983,3.28960820153732
"791",0.735311187583574,-0.388658405811549,3.9803373183717,3.05355530036028
"792",-0.108694305040751,0.74091782501321,3.13633182574737,4.18313153118504
"793",1.58874467441783,0.545473257213761,4.83377080520596,3.98768696338559
"794",0.962240553671565,0.113483613133104,4.20726668445969,3.55569731930493
"795",-0.0912148622777122,0.610026755939343,3.15381126851041,4.05224046211117
"796",0.121886589511056,0.226314919120797,3.36691272029918,3.66852862529262
"797",0.507409596965332,-0.327873016007342,3.75243572775346,3.11434069016448
"798",1.09513436467718,-0.389307229977443,4.3401604954653,3.05290647619438
"799",0.941577079149389,-0.249175090193253,4.18660320993751,3.19303861597857
"800",-1.16971387165517,-1.60840833966411,2.07531225913295,1.83380536650772
"801",-0.296677584889978,0.690084142029504,2.94834854589815,4.13229784820133
"802",-0.745583663189391,-0.55242729070188,2.49944246759874,2.88978641546994
"803",0.803822159645355,0.378230425522278,4.04884829043348,3.8204441316941
"804",-0.114608121072638,0.82766161380153,3.13041800971549,4.26987531997336
"805",0.678518919849421,-0.0365097253627264,3.92354505063755,3.4057039808091
"806",-1.47199567290887,0.00383019193947153,1.77303045787925,3.4460438981113
"807",-0.795514326987844,-0.798459764025742,2.44951180380028,2.64375394214608
"808",-1.15510701182701,-1.9844316529355,2.08991911896111,1.45778205323633
"809",1.59950982209802,0.812407092849705,4.84453595288615,4.25462079902153
"810",0.643159616877756,0.107335546609138,3.88818574766588,3.54954925278096
"811",-0.141581076187126,-0.558771250928292,3.103445054601,2.88344245524353
"812",-0.229741516721591,-0.113535370337778,3.01528461406653,3.32867833583405
"813",-0.655229126654842,-0.559657131972347,2.58979700413328,2.88255657419948
"814",1.03613555637354,-0.546145973258016,4.28116168716167,2.89606773291381
"815",-0.325383042180844,-0.286575229812436,2.91964308860728,3.15563847635939
"816",0.059979377709675,0.377622230007796,3.3050055084978,3.81983593617962
"817",0.655657266734322,-0.0355041106427986,3.90068339752245,3.40670959552903
"818",0.779919363455951,0.443005425334302,4.02494549424408,3.88521913150613
"819",-0.247596060193539,-0.182730095703689,2.99743007059459,3.25948361046814
"820",0.785203363099881,-0.138621315561191,4.03022949388801,3.30359239061063
"821",-1.32062906650252,-0.0365232426067518,1.92439706428561,3.40569046356507
"822",-1.0565331810069,-0.850742737087389,2.18849294978123,2.59147096908444
"823",1.48680316984285,0.973502406890262,4.73182930063098,4.41571611306209
"824",-0.405423842594217,-1.54394321541716,2.83960228819391,1.89827049075467
"825",0.465431947314239,0.170575841211214,3.71045807810236,3.61278954738304
"826",-1.2338857498615,-0.587416648045535,2.01114038092662,2.85479705812629
"827",-0.337892470892622,-1.55417205889419,2.9071336598955,1.88804164727763
"828",-0.712143493670605,1.00687232649835,2.53288263711752,4.44908603267018
"829",1.03498602032641,-0.510136653112146,4.28001215111454,2.93207705305968
"830",1.70869102059838,0.748179025480917,4.95371715138651,4.19039273165274
"831",0.752340815378119,0.0431074792403499,3.99736694616624,3.48532118541218
"832",-0.510170725811774,0.257781128512844,2.73485540497635,3.69999483468467
"833",0.792041912603608,0.100079973642587,4.03706804339173,3.54229367981441
"834",0.576207794426759,-0.793984527213853,3.82123392521489,2.64822917895797
"835",-1.47055250530267,0.0345017154518966,1.77447362548545,3.47671542162372
"836",0.657064935339148,0.761068471436741,3.90209106612727,4.20328217760857
"837",1.60555807481548,0.678437367671769,4.8505842056036,4.12065107384359
"838",0.235784682974152,0.562990412565889,3.48081081376228,4.00520411873771
"839",-0.462818286413062,0.332525128225545,2.78220784437506,3.77473883439737
"840",0.459357650884038,0.379531567724994,3.70438378167216,3.82174527389682
"841",-0.17341365037496,1.36977263080668,3.07161248041317,4.81198633697851
"842",0.411054085569911,0.457861978207641,3.65608021635804,3.90007568437947
"843",0.765879608308989,-0.163501563103684,4.01090573909712,3.27871214306814
"844",0.0487465977958053,0.491608663953207,3.29377272858393,3.93382237012503
"845",0.802924349996501,-0.0528595383050764,4.04795048078463,3.38935416786675
"846",1.04956683644183,-0.81117396504769,4.29459296722995,2.63103974112414
"847",-0.940150776863297,-0.547165105221969,2.30487535392483,2.89504860094986
"848",1.05482767448834,0.54025519425619,4.29985380527647,3.98246890042801
"849",-1.2999739539569,-0.546516281056075,1.94505217683123,2.89569742511575
"850",1.60555807481548,0.678437367671769,4.8505842056036,4.12065107384359
"851",-2.22796100399221,0.346147448116705,1.01706512679592,3.78836115428853
"852",-0.39214834052078,-1.38509324269673,2.85287779026735,2.05712046347509
"853",0.773285262493914,-0.90733057560928,4.01831139328204,2.53488313056255
"854",-1.56706710440615,-0.389843527603942,1.67795902638197,3.05237017856788
"855",1.63093008232382,0.569347890036326,4.87595621311195,4.01156159620815
"856",-0.736999012365941,-0.869466880131175,2.50802711842218,2.57274682604065
"857",1.03417256194273,1.05024823270551,4.27919869273085,4.49246193887734
"858",-0.991934114666164,-1.82162063693787,2.25309201612196,1.62059306923395
"859",-1.88606227506123,0.244539216712177,1.35896385572689,3.686752922884
"860",0.0577029324495127,-0.163129875594323,3.30272906323764,3.2790838305775
"861",-0.53643573340007,-0.858726788117335,2.70859039738806,2.58348691805449
"862",-0.703350977426814,0.115982769887266,2.54167515336131,3.55819647605909
"863",-0.0543863479871021,0.421867006144059,3.19063978280102,3.86408071231588
"864",-1.36270426114755,-1.58904168256198,1.88232186964058,1.85317202360985
"865",-0.259090389543759,-1.4391103085417,2.98593574124437,2.00310339763012
"866",1.10360880223967,0.822296987725921,4.34863493302779,4.26451069389775
"867",-1.20602943167265,-0.729603987260649,2.03899669911547,2.71260971891118
"868",0.0642725014166588,1.2661967436116,3.30929863220478,4.70841044978342
"869",0.588125895032727,-0.0252752671657643,3.83315202582085,3.41693843900606
"870",0.61489379229069,-0.748228649055363,3.85991992307882,2.69398505711646
"871",0.660348117984309,0.440385451506925,3.90537424877243,3.88259915767875
"872",0.697816630927569,0.0633565235156101,3.94284276171569,3.50557022968744
"873",1.02649731790639,-0.236318383145972,4.27152344869451,3.20589532302585
"874",0.851158010619949,-0.162954630660447,4.09618414140807,3.27925907551138
"875",0.618419246045497,-0.845095895727132,3.86344537683362,2.59711781044469
"876",0.447165197045702,0.690692337543986,3.69219132783383,4.13290604371581
"877",-0.369286687405681,-1.38609885741666,2.87573944338245,2.05611484875517
"878",0.179076584788212,-0.538518712782104,3.42410271557634,2.90369499338972
"879",-0.952273326010954,-0.204239653530253,2.29275280477717,3.23797405264157
"880",-1.19036898420079,-1.09841530121479,2.05465714658734,2.34379840495704
"881",1.73406302810673,0.639089547845474,4.97908915889486,4.0813032540173
"882",-0.465984500907011,0.020712040369731,2.77904162988111,3.46292574654156
"883",-0.495537822270868,-0.193228186094387,2.74948830851726,3.24898552007744
"884",-0.743099352508888,-0.585525152281552,2.50192677827924,2.85668855389027
"885",0.883052309238858,0.51274708314345,4.12807844002698,3.95496078931528
"886",-0.479122149416227,0.3524208758177,2.7659039813719,3.79463458198952
"887",0.447165197045702,0.690692337543986,3.69219132783383,4.13290604371581
"888",-0.68628104106199,-1.01265983406622,2.55874508972614,2.42955387210561
"889",0.176194546564706,-0.0927358997483533,3.42122067735283,3.34947780642347
"890",-0.504771927035595,1.00359563876221,2.74025420375253,4.44580934493404
"891",0.639923497693127,-0.236242223119399,3.88494962848125,3.20597148305243
"892",-0.663253972946455,1.31667418491431,2.58177215784167,4.75888789108614
"893",-1.17460917144685,-0.972663190074029,2.07041695934128,2.4695505160978
"894",1.65983998815638,0.434372550138462,4.90486611894451,3.87658625631029
"895",0.563945328732304,0.581585017955327,3.80897145952043,4.02379872412715
"896",-0.396551677488721,-0.745023949167875,2.8484744532994,2.69718975700395
"897",1.71055795946033,0.29117959620342,4.95558409024846,3.73339330237524
"898",-1.36396742733429,-0.562173299841461,1.88105870345384,2.88004040633036
"899",1.57176531376064,1.52013924156906,4.81679144454877,4.96235294774089
"900",0.758254631410006,-0.0436363095479697,4.00328076219813,3.39857739662386
"901",0.205901504073785,1.04110747408253,3.45092763486191,4.48332118025435
"902",0.489324561238949,0.789552971702395,3.73435069202707,4.23176667787422
"903",1.75556727975436,1.24794322045321,5.00059341054249,4.69015692662503
"904",1.07405548087581,0.608356761261803,4.31908161166394,4.05057046743363
"905",0.6437652098411,-0.879199372026731,3.88879134062923,2.56301433414509
"906",1.57176531376064,1.52013924156906,4.81679144454877,4.96235294774089
"907",0.753333287905584,0.667094841377954,3.99835941869371,4.10930854754978
"908",0.60629669689784,-0.502170444035416,3.85132282768597,2.94004326213641
"909",0.671343757918932,-0.479301425932779,3.91636988870706,2.96291228023905
"910",-2.01069947249177,-0.434056113704703,1.23432665829636,3.00815759246712
"911",0.454994622486375,-0.540807627751532,3.7000207532745,2.90140607842029
"912",0.870455721698096,-0.0630883817821108,4.11548185248622,3.37912532438971
"913",1.65243433397145,1.17820156264406,4.89746046475958,4.62041526881588
"914",0.411794115218824,-0.575898876817844,3.65682024600695,2.86631482935398
"915",0.385793887913038,1.13249626534733,3.63082001870116,4.57470997151915
"916",1.02876839047076,0.193678422321084,4.27379452125889,3.63589212849291
"917",-0.641323808193449,0.0940757928552556,2.60370232259468,3.53628949902708
"918",0.758098853415155,0.380241654962133,4.00312498420328,3.82245536113396
"919",-0.496895223738337,0.416631101233273,2.74813090704979,3.8588448074051
"920",-1.76374072765328,-1.73846044268288,1.48128540313485,1.70375326348895
"921",-0.270059985765636,-0.59440943243784,2.97496614502249,2.84780427373398
"922",1.2479674820041,1.11308761423121,4.49299361279223,4.55530132040304
"923",-0.801754583677589,0.518126057301346,2.44327154711054,3.96033976347317
"924",0.0866827429727468,-0.266340533619464,3.33170887376087,3.17587317255236
"925",-1.17472280158646,0.0181958725006164,2.07030332920167,3.46040957867244
"926",-0.88358900138358,0.287306927404857,2.36143712940455,3.72952063357668
"927",0.116070104077059,1.05522978765796,3.36109623486519,4.49744349382979
"928",-0.421984241564563,-0.262440753413514,2.82304188922356,3.17977295275831
"929",0.398518613145388,-0.734748849538273,3.64354474393351,2.70746485663355
"930",-1.83291971550276,-0.647268410978466,1.41210641528536,2.79494529519336
"931",-0.959474531654189,-0.572045352764462,2.28555159913394,2.87016835340736
"932",1.68385459419726,0.935142359830679,4.92888072498538,4.3773560660025
"933",-1.78462633245333,-0.0418466911579086,1.4603997983348,3.40036701501392
"934",-0.397069684025202,-0.674362091770807,2.84795644676292,2.76785161440102
"935",-0.984732909022929,-1.45381493770366,2.2602932217652,1.98839876846816
"936",-0.539999675437023,-0.757854924519071,2.7050264553511,2.68435878165275
"937",-0.729208620466523,1.34100750001357,2.5158175103216,4.78322120618539
"938",1.67662734484128,0.642322661932314,4.9216534756294,4.08453636810414
"939",0.623110097295484,-0.369206333577408,3.86813622808361,3.07300737259442
"940",-0.105469964711335,-0.325940891591947,3.13955616607679,3.11627281457988
"941",-1.94995638315654,0.723445623021684,1.29506974763158,4.16565932919351
"942",-0.25367035662374,0.0262256308100904,2.99135577416439,3.46843933698192
"943",-1.37220795576369,-2.42261348606246,1.87281817502443,1.01960022010937
"944",0.12751074941127,0.367393386530761,3.3725368801994,3.80960709270259
"945",0.787024620695763,0.854032444031631,4.03205075148389,4.29624615020346
"946",0.284416071140603,0.0402103687564395,3.52944220192873,3.48242407492826
"947",0.757057710340851,0.44401104005423,4.00208384112898,3.88622474622606
"948",-0.485282211985158,-0.0791542085086056,2.75974391880297,3.36305949766322
"949",-0.445399293052074,-0.521045679952316,2.79962683773605,2.92116802621951
"950",-0.833174843903393,0.761185260114725,2.41185128688473,4.20339896628655
"951",1.02642741321571,-0.268083065018695,4.27145354400383,3.17413064115313
"952",-0.709910909388376,1.4408737488919,2.53511522139975,4.88308745506373
"953",0.848248332093179,-1.73637443292775,4.0932744628813,1.70583927324407
"954",0.784050410174102,-0.640396739973335,4.02907654096223,2.80181696619849
"955",-0.486818627596407,-1.65366716913621,2.75820750319172,1.78854653703562
"956",0.0669873043515968,0.0464781689562786,3.31201343513972,3.4886918751281
"957",0.943209550329503,0.185943093748319,4.18823568111763,3.62815679992014
"958",-0.572435035024385,-0.526012337949439,2.67259109576374,2.91620136822239
"959",-1.01373040128235,-0.402966536566999,2.23129572950578,3.03924716960483
"960",-0.17341365037496,1.36977263080668,3.07161248041317,4.81198633697851
"961",-0.238639725539832,-0.837468635251219,3.00638640524829,2.60474507092061
"962",-0.332558204111334,-0.729366930382489,2.91246792667679,2.71284677578934
"963",-1.62950378003773,-1.36568808545155,1.61552235075039,2.07652562072028
"964",1.12208127607892,1.07211163608822,4.36710740686704,4.51432534226005
"965",-1.10549260642172,-1.19230927737607,2.1395335243664,2.24990442879575
"966",-0.257937436617979,-0.937334884129556,2.98708869417015,2.50487882204227
"967",0.817071618006046,0.61206639957855,4.06209774879417,4.05428010575038
"968",-1.35289846583033,-0.912310750850428,1.89212766495779,2.5299029553214
"969",0.612409481610186,-0.715130787475691,3.85743561239831,2.72708291869613
"970",-1.85215770415492,-0.0316178476808742,1.3928684266332,3.41059585849095
"971",-0.748298466124329,0.667291283953439,2.4967276646638,4.10950499012526
"972",-1.8813453800985,0.645442777526057,1.36368075068963,4.08765648369788
"973",-0.261295655084218,-0.0665318758362181,2.98373047570391,3.37568183033561
"974",0.375850239031602,-0.0347934745326195,3.62087636981973,3.40742023163921
"975",0.702062476777968,0.307395609352832,3.94708860756609,3.74960931552466
"976",-0.491766014813574,-0.867950016874442,2.75326011597455,2.57426368929738
"977",1.76161553247182,1.11397349527527,5.00664166325994,4.55618720144709
"978",-0.194757314458835,-0.457466436749421,3.05026881632929,2.9847472694224
"979",0.818429019473515,0.00220711225089034,4.06345515026164,3.44442081842272
"980",1.76766378518927,0.980003770097334,5.0126899159774,4.42221747626916
"981",-0.688817439167984,-0.829589969814859,2.55620869162014,2.61262373635697
"982",1.73022131595876,1.28204669675281,4.97524744674689,4.72426040292463
"983",-1.60264263477472,-0.544800030225968,1.64238349601341,2.89741367594586
"984",-0.750300558152123,-0.95333085151576,2.494725572636,2.48888285465606
"985",1.27138467534124,0.0279114288931529,4.51641080612937,3.47012513506498
"986",1.00339638296241,0.302767899956527,4.24842251375054,3.74498160612835
"987",-1.12531014432448,0.334890203221546,2.11971598646364,3.77710390939337
"988",0.972002166449354,0.470841101434063,4.21702829723748,3.91305480760589
"989",1.07227271156208,-0.388301615257515,4.3172988423502,3.05391209091431
"990",1.08567794791762,-0.578343605711345,4.33070407870574,2.86387010046048
"991",0.883631858489457,-0.398801834156576,4.12865798927758,3.04341187201525
"992",-1.23993400257896,-0.453446922867599,2.00509212820917,2.98876678330423
"993",0.59290732199035,0.296637675385776,3.83793345277848,3.7388513815576
"994",0.67277448095573,-0.519611286829701,3.91780061174386,2.92260241934212
"995",0.653198999766564,-0.0773922503989706,3.89822513055469,3.36482145577285
"996",1.02938576228932,0.61757999001891,4.27441189307744,4.05979369619073
"997",-0.0442528369830033,1.75032176175172,3.20077329380512,5.19253546792354
"998",-0.165992134741984,1.23470974726845,3.07903399604614,4.67692345344027
"999",-0.937678245038006,-1.99069945313534,2.30734788575012,1.45151425303649
"1000",1.35107096719561,0.720030528818193,4.59609709798374,4.16224423499002
